,RF Time,RF Frequency,RF PSD
0,Grass,Concrete,Gravel
1,Grass,Concrete,Gravel
2,Grass,Concrete,Gravel
3,Grass,Concrete,Gravel
4,Grass,Concrete,Gravel
5,Grass,Concrete,Gravel
6,Grass,Concrete,Gravel
7,Grass,Concrete,Gravel
8,Grass,Concrete,Gravel
9,Grass,Concrete,Gravel
10,Linoleum,Grass,Grass
11,Linoleum,Grass,Grass
12,Linoleum,Concrete,Grass
13,Linoleum,Concrete,Grass
14,Gravel,Concrete,Grass
15,Gravel,Concrete,Grass
16,Gravel,Concrete,Grass
17,Gravel,Grass,Asphalt
18,Gravel,Asphalt,Asphalt
19,Gravel,Asphalt,Asphalt
20,Gravel,Asphalt,Grass
21,Gravel,Asphalt,Asphalt
22,Gravel,Asphalt,Sidewalk
23,Gravel,Asphalt,Asphalt
24,Sidewalk,Grass,Asphalt
25,Sidewalk,Asphalt,Asphalt
26,Sidewalk,Asphalt,Asphalt
27,Sidewalk,Asphalt,Grass
28,Sidewalk,Grass,Grass
29,Sidewalk,Grass,Asphalt
30,Sidewalk,Sidewalk,Asphalt
31,Sidewalk,Grass,Grass
32,Asphalt,Sidewalk,Asphalt
33,Asphalt,Sidewalk,Grass
34,Sidewalk,Sidewalk,Asphalt
35,Sidewalk,Sidewalk,Asphalt
36,Sidewalk,Sidewalk,Asphalt
37,Sidewalk,Sidewalk,Grass
38,Sidewalk,Sidewalk,Grass
39,Sidewalk,Sidewalk,Asphalt
40,Asphalt,Grass,Concrete
41,Sidewalk,Concrete,Linoleum
42,Sidewalk,Grass,Grass
43,Grass,Grass,Grass
44,Linoleum,Grass,Linoleum
45,Linoleum,Linoleum,Linoleum
46,Linoleum,Linoleum,Concrete
47,Linoleum,Linoleum,Carpet
48,Linoleum,Linoleum,Carpet
49,Linoleum,Grass,Carpet
50,Linoleum,Grass,Carpet
51,Grass,Grass,Concrete
52,Grass,Grass,Linoleum
53,Grass,Grass,Linoleum
54,Grass,Grass,Carpet
55,Grass,Grass,Linoleum
56,Grass,Grass,Concrete
57,Grass,Grass,Concrete
58,Grass,Grass,Carpet
59,Grass,Grass,Linoleum
60,Grass,Grass,Concrete
61,Grass,Grass,Concrete
62,Grass,Grass,Concrete
63,Grass,Grass,Carpet
64,Grass,Grass,Carpet
65,Grass,Grass,Carpet
66,Grass,Grass,Carpet
67,Grass,Grass,Carpet
68,Grass,Grass,Concrete
69,Grass,Grass,Concrete
70,Grass,Grass,Carpet
71,Grass,Grass,Concrete
72,Grass,Grass,Concrete
73,Grass,Grass,Grass
74,Grass,Grass,Carpet
75,Grass,Grass,Grass
76,Grass,Grass,Linoleum
77,Grass,Grass,Carpet
78,Grass,Grass,Carpet
79,Grass,Grass,Linoleum
80,Grass,Grass,Linoleum
81,Grass,Grass,Concrete
82,Linoleum,Grass,Concrete
83,Linoleum,Grass,Concrete
84,Linoleum,Grass,Linoleum
85,Linoleum,Grass,Concrete
86,Linoleum,Grass,Concrete
87,Linoleum,Grass,Concrete
88,Linoleum,Grass,Concrete
89,Linoleum,Grass,Linoleum
90,Grass,Grass,Linoleum
91,Linoleum,Grass,Carpet
92,Linoleum,Grass,Concrete
93,Linoleum,Grass,Linoleum
94,Grass,Grass,Linoleum
95,Linoleum,Grass,Concrete
96,Grass,Grass,Concrete
97,Grass,Grass,Concrete
98,Grass,Grass,Concrete
99,Grass,Grass,Concrete
100,Linoleum,Grass,Carpet
101,Linoleum,Grass,Linoleum
102,Linoleum,Grass,Concrete
103,Linoleum,Grass,Linoleum
104,Linoleum,Grass,Concrete
105,Grass,Grass,Linoleum
106,Grass,Grass,Concrete
107,Grass,Grass,Concrete
108,Grass,Grass,Linoleum
109,Grass,Grass,Carpet
110,Linoleum,Grass,Concrete
111,Grass,Grass,Concrete
112,Grass,Grass,Concrete
113,Grass,Grass,Concrete
114,Grass,Grass,Carpet
115,Grass,Grass,Carpet
116,Grass,Grass,Carpet
117,Grass,Grass,Linoleum
118,Grass,Grass,Linoleum
119,Grass,Grass,Linoleum
120,Grass,Grass,Linoleum
121,Grass,Grass,Linoleum
122,Grass,Grass,Linoleum
123,Grass,Grass,Linoleum
124,Grass,Grass,Concrete
125,Grass,Grass,Concrete
126,Grass,Grass,Concrete
127,Grass,Grass,Concrete
128,Grass,Grass,Concrete
129,Grass,Grass,Concrete
130,Grass,Grass,Concrete
131,Grass,Grass,Grass
132,Grass,Grass,Concrete
133,Grass,Grass,Concrete
134,Grass,Grass,Linoleum
135,Grass,Grass,Linoleum
136,Linoleum,Grass,Linoleum
137,Grass,Grass,Concrete
138,Linoleum,Grass,Carpet
139,Grass,Grass,Concrete
140,Linoleum,Grass,Carpet
141,Linoleum,Grass,Concrete
142,Linoleum,Grass,Concrete
143,Linoleum,Grass,Concrete
144,Linoleum,Grass,Concrete
145,Linoleum,Grass,Concrete
146,Grass,Grass,Linoleum
147,Grass,Grass,Carpet
148,Grass,Grass,Concrete
149,Grass,Grass,Linoleum
150,Grass,Grass,Grass
151,Grass,Grass,Linoleum
152,Grass,Grass,Linoleum
153,Grass,Grass,Linoleum
154,Grass,Grass,Linoleum
155,Grass,Grass,Linoleum
156,Linoleum,Grass,Linoleum
157,Grass,Grass,Concrete
158,Grass,Grass,Linoleum
159,Grass,Grass,Carpet
160,Grass,Grass,Linoleum
161,Grass,Grass,Carpet
162,Grass,Grass,Concrete
163,Grass,Grass,Concrete
164,Grass,Grass,Concrete
165,Grass,Grass,Concrete
166,Linoleum,Grass,Linoleum
167,Grass,Grass,Concrete
168,Grass,Grass,Linoleum
169,Linoleum,Grass,Concrete
170,Linoleum,Grass,Concrete
171,Grass,Grass,Concrete
172,Grass,Grass,Concrete
173,Linoleum,Grass,Carpet
174,Grass,Grass,Concrete
175,Grass,Grass,Concrete
176,Grass,Grass,Carpet
177,Grass,Grass,Linoleum
178,Grass,Grass,Concrete
179,Grass,Grass,Concrete
180,Grass,Grass,Concrete
181,Grass,Grass,Concrete
182,Grass,Grass,Concrete
183,Grass,Grass,Linoleum
184,Linoleum,Grass,Concrete
185,Grass,Grass,Linoleum
186,Linoleum,Grass,Carpet
187,Linoleum,Grass,Concrete
188,Grass,Grass,Concrete
189,Grass,Grass,Concrete
190,Grass,Grass,Concrete
191,Grass,Grass,Linoleum
192,Grass,Grass,Concrete
193,Grass,Grass,Sidewalk
194,Grass,Grass,Carpet
195,Grass,Grass,Sidewalk
196,Grass,Grass,Carpet
197,Grass,Grass,Concrete
198,Linoleum,Grass,Linoleum
199,Grass,Grass,Linoleum
200,Grass,Grass,Linoleum
201,Linoleum,Grass,Linoleum
202,Linoleum,Grass,Concrete
203,Linoleum,Grass,Linoleum
204,Linoleum,Grass,Concrete
205,Linoleum,Grass,Concrete
206,Linoleum,Grass,Concrete
207,Linoleum,Grass,Concrete
208,Linoleum,Grass,Concrete
209,Linoleum,Grass,Concrete
210,Linoleum,Grass,Linoleum
211,Linoleum,Gravel,Asphalt
212,Grass,Grass,Asphalt
213,Grass,Grass,Asphalt
214,Grass,Grass,Asphalt
215,Grass,Grass,Asphalt
216,Grass,Grass,Concrete
217,Grass,Grass,Linoleum
218,Grass,Grass,Concrete
219,Grass,Grass,Carpet
220,Grass,Grass,Carpet
221,Grass,Grass,Linoleum
222,Grass,Grass,Linoleum
223,Grass,Grass,Linoleum
224,Grass,Grass,Linoleum
225,Grass,Grass,Linoleum
226,Linoleum,Grass,Linoleum
227,Grass,Grass,Concrete
228,Linoleum,Grass,Linoleum
229,Concrete,Grass,Linoleum
230,Grass,Grass,Linoleum
231,Grass,Grass,Linoleum
232,Grass,Grass,Concrete
233,Grass,Grass,Linoleum
234,Grass,Grass,Linoleum
235,Grass,Grass,Concrete
236,Grass,Grass,Concrete
237,Grass,Grass,Concrete
238,Grass,Grass,Concrete
239,Linoleum,Grass,Linoleum
240,Grass,Grass,Concrete
241,Grass,Grass,Linoleum
242,Grass,Grass,Linoleum
243,Grass,Grass,Concrete
244,Grass,Grass,Concrete
245,Grass,Grass,Concrete
246,Grass,Grass,Linoleum
247,Grass,Grass,Linoleum
248,Linoleum,Grass,Linoleum
249,Linoleum,Grass,Grass
250,Linoleum,Grass,Grass
251,Grass,Grass,Linoleum
252,Linoleum,Grass,Concrete
253,Linoleum,Grass,Carpet
254,Linoleum,Grass,Concrete
255,Linoleum,Grass,Concrete
256,Linoleum,Grass,Linoleum
257,Linoleum,Grass,Carpet
258,Linoleum,Grass,Concrete
259,Linoleum,Grass,Linoleum
260,Linoleum,Grass,Concrete
261,Linoleum,Grass,Concrete
262,Linoleum,Grass,Linoleum
263,Linoleum,Grass,Linoleum
264,Linoleum,Grass,Concrete
265,Linoleum,Grass,Carpet
266,Linoleum,Grass,Concrete
267,Grass,Grass,Concrete
268,Grass,Grass,Carpet
269,Grass,Grass,Concrete
270,Grass,Grass,Concrete
271,Grass,Grass,Carpet
272,Grass,Grass,Carpet
273,Grass,Grass,Carpet
274,Linoleum,Grass,Linoleum
275,Linoleum,Grass,Linoleum
276,Linoleum,Grass,Concrete
277,Concrete,Grass,Linoleum
278,Linoleum,Grass,Concrete
279,Grass,Grass,Linoleum
280,Grass,Grass,Concrete
281,Grass,Grass,Concrete
282,Grass,Grass,Linoleum
283,Linoleum,Grass,Linoleum
284,Linoleum,Grass,Concrete
285,Grass,Grass,Concrete
286,Linoleum,Grass,Carpet
287,Grass,Grass,Concrete
288,Grass,Grass,Concrete
289,Grass,Grass,Concrete
290,Grass,Grass,Concrete
291,Grass,Grass,Concrete
292,Grass,Grass,Carpet
293,Grass,Grass,Concrete
294,Grass,Grass,Concrete
295,Grass,Grass,Linoleum
296,Grass,Grass,Concrete
297,Grass,Grass,Carpet
298,Grass,Grass,Concrete
299,Grass,Grass,Grass
300,Grass,Grass,Sidewalk
301,Grass,Gravel,Carpet
302,Grass,Grass,Carpet
303,Grass,Grass,Carpet
304,Grass,Grass,Sidewalk
305,Grass,Grass,Carpet
306,Linoleum,Grass,Concrete
307,Linoleum,Grass,Carpet
308,Linoleum,Grass,Concrete
309,Linoleum,Grass,Concrete
310,Linoleum,Grass,Linoleum
311,Linoleum,Grass,Linoleum
312,Linoleum,Grass,Linoleum
313,Linoleum,Grass,Carpet
314,Linoleum,Grass,Carpet
315,Linoleum,Grass,Carpet
316,Linoleum,Grass,Linoleum
317,Concrete,Grass,Concrete
318,Linoleum,Grass,Linoleum
319,Linoleum,Grass,Concrete
320,Linoleum,Grass,Linoleum
321,Linoleum,Grass,Linoleum
322,Linoleum,Grass,Carpet
323,Linoleum,Grass,Carpet
324,Grass,Grass,Concrete
325,Linoleum,Grass,Concrete
326,Linoleum,Grass,Concrete
327,Grass,Grass,Carpet
328,Grass,Grass,Carpet
329,Linoleum,Grass,Carpet
330,Grass,Grass,Carpet
331,Grass,Grass,Linoleum
332,Grass,Grass,Carpet
333,Grass,Grass,Concrete
334,Grass,Grass,Concrete
335,Grass,Grass,Concrete
336,Grass,Grass,Concrete
337,Grass,Grass,Concrete
338,Grass,Grass,Concrete
339,Linoleum,Grass,Carpet
340,Linoleum,Grass,Linoleum
341,Carpet,Grass,Concrete
342,Linoleum,Grass,Concrete
343,Grass,Grass,Linoleum
344,Grass,Grass,Concrete
345,Grass,Grass,Concrete
346,Grass,Grass,Concrete
347,Grass,Grass,Carpet
348,Grass,Grass,Concrete
349,Grass,Grass,Carpet
350,Linoleum,Grass,Concrete
351,Linoleum,Grass,Concrete
352,Grass,Grass,Concrete
353,Grass,Grass,Concrete
354,Grass,Grass,Carpet
355,Grass,Grass,Concrete
356,Grass,Grass,Concrete
357,Grass,Grass,Concrete
358,Grass,Grass,Concrete
359,Linoleum,Grass,Linoleum
360,Linoleum,Grass,Linoleum
361,Concrete,Grass,Linoleum
362,Concrete,Grass,Linoleum
363,Linoleum,Grass,Linoleum
364,Linoleum,Grass,Linoleum
365,Linoleum,Grass,Linoleum
366,Linoleum,Grass,Concrete
367,Linoleum,Grass,Linoleum
368,Linoleum,Grass,Linoleum
369,Linoleum,Grass,Concrete
370,Linoleum,Grass,Concrete
371,Linoleum,Grass,Linoleum
372,Linoleum,Grass,Concrete
373,Linoleum,Grass,Linoleum
374,Linoleum,Grass,Linoleum
375,Linoleum,Grass,Concrete
376,Linoleum,Grass,Concrete
377,Linoleum,Grass,Carpet
378,Linoleum,Grass,Carpet
379,Linoleum,Grass,Linoleum
380,Grass,Grass,Concrete
381,Grass,Grass,Linoleum
382,Grass,Grass,Carpet
383,Grass,Grass,Carpet
384,Grass,Grass,Carpet
385,Grass,Grass,Concrete
386,Grass,Grass,Concrete
387,Grass,Grass,Sidewalk
388,Grass,Grass,Linoleum
389,Grass,Grass,Linoleum
390,Grass,Grass,Concrete
391,Grass,Grass,Linoleum
392,Grass,Grass,Concrete
393,Grass,Grass,Concrete
394,Grass,Grass,Concrete
395,Grass,Grass,Concrete
396,Grass,Grass,Carpet
397,Grass,Grass,Linoleum
398,Grass,Grass,Concrete
399,Grass,Grass,Concrete
400,Grass,Grass,Concrete
401,Grass,Grass,Linoleum
402,Grass,Grass,Concrete
403,Grass,Grass,Linoleum
404,Grass,Grass,Linoleum
405,Grass,Grass,Carpet
406,Grass,Grass,Carpet
407,Grass,Grass,Concrete
408,Grass,Grass,Carpet
409,Grass,Grass,Carpet
410,Grass,Grass,Linoleum
411,Grass,Grass,Concrete
412,Grass,Grass,Linoleum
413,Grass,Grass,Concrete
414,Grass,Grass,Linoleum
415,Grass,Grass,Linoleum
416,Grass,Grass,Linoleum
417,Grass,Grass,Linoleum
418,Grass,Grass,Linoleum
419,Grass,Grass,Linoleum
420,Grass,Grass,Grass
421,Linoleum,Grass,Linoleum
422,Linoleum,Grass,Grass
423,Grass,Grass,Linoleum
424,Linoleum,Grass,Linoleum
425,Linoleum,Grass,Concrete
426,Linoleum,Grass,Linoleum
427,Linoleum,Grass,Concrete
428,Linoleum,Grass,Concrete
429,Linoleum,Grass,Concrete
430,Linoleum,Grass,Carpet
431,Linoleum,Grass,Concrete
432,Linoleum,Grass,Concrete
433,Linoleum,Grass,Concrete
434,Grass,Grass,Concrete
435,Grass,Grass,Linoleum
436,Grass,Grass,Concrete
437,Grass,Grass,Concrete
438,Grass,Grass,Concrete
439,Linoleum,Grass,Linoleum
440,Linoleum,Grass,Concrete
441,Linoleum,Grass,Concrete
442,Linoleum,Grass,Carpet
443,Linoleum,Grass,Linoleum
444,Linoleum,Grass,Linoleum
445,Grass,Grass,Concrete
446,Grass,Grass,Linoleum
447,Grass,Grass,Concrete
448,Grass,Grass,Linoleum
449,Grass,Grass,Linoleum
450,Grass,Grass,Linoleum
451,Linoleum,Grass,Concrete
452,Linoleum,Grass,Carpet
453,Linoleum,Grass,Concrete
454,Linoleum,Grass,Concrete
455,Concrete,Grass,Concrete
456,Linoleum,Grass,Carpet
457,Concrete,Grass,Concrete
458,Concrete,Grass,Concrete
459,Grass,Grass,Linoleum
460,Grass,Grass,Linoleum
461,Grass,Grass,Linoleum
462,Grass,Grass,Carpet
463,Linoleum,Grass,Linoleum
464,Grass,Grass,Carpet
465,Grass,Grass,Concrete
466,Grass,Grass,Concrete
467,Grass,Grass,Concrete
468,Grass,Grass,Carpet
469,Grass,Grass,Concrete
470,Grass,Grass,Concrete
471,Grass,Grass,Concrete
472,Linoleum,Grass,Linoleum
473,Linoleum,Grass,Concrete
474,Grass,Grass,Concrete
475,Linoleum,Grass,Linoleum
476,Linoleum,Grass,Concrete
477,Linoleum,Grass,Concrete
478,Linoleum,Grass,Linoleum
479,Linoleum,Grass,Linoleum
480,Linoleum,Grass,Concrete
481,Linoleum,Grass,Concrete
482,Linoleum,Grass,Linoleum
483,Linoleum,Grass,Concrete
484,Linoleum,Grass,Linoleum
485,Linoleum,Grass,Concrete
486,Linoleum,Grass,Carpet
487,Linoleum,Grass,Carpet
488,Linoleum,Grass,Concrete
489,Linoleum,Grass,Concrete
490,Linoleum,Grass,Concrete
491,Linoleum,Grass,Concrete
492,Linoleum,Grass,Concrete
493,Linoleum,Grass,Linoleum
494,Grass,Grass,Concrete
495,Linoleum,Grass,Grass
496,Linoleum,Grass,Linoleum
497,Linoleum,Grass,Concrete
498,Linoleum,Grass,Carpet
499,Linoleum,Grass,Carpet
500,Linoleum,Grass,Concrete
501,Linoleum,Grass,Concrete
502,Linoleum,Grass,Linoleum
503,Linoleum,Grass,Linoleum
504,Grass,Grass,Concrete
505,Linoleum,Grass,Linoleum
506,Linoleum,Grass,Concrete
507,Grass,Grass,Carpet
508,Grass,Grass,Carpet
509,Grass,Grass,Linoleum
510,Grass,Grass,Carpet
511,Grass,Grass,Concrete
512,Grass,Grass,Carpet
513,Grass,Grass,Linoleum
514,Grass,Grass,Carpet
515,Grass,Grass,Concrete
516,Grass,Grass,Concrete
517,Grass,Grass,Concrete
518,Grass,Grass,Concrete
519,Linoleum,Grass,Carpet
520,Grass,Grass,Concrete
521,Grass,Grass,Carpet
522,Grass,Grass,Carpet
523,Grass,Grass,Carpet
524,Grass,Grass,Linoleum
525,Linoleum,Grass,Linoleum
526,Linoleum,Grass,Concrete
527,Grass,Grass,Linoleum
528,Grass,Grass,Linoleum
529,Grass,Grass,Concrete
530,Grass,Grass,Concrete
531,Grass,Grass,Linoleum
532,Grass,Grass,Concrete
533,Linoleum,Grass,Concrete
534,Grass,Grass,Concrete
535,Grass,Grass,Linoleum
536,Grass,Grass,Linoleum
537,Grass,Grass,Linoleum
538,Grass,Grass,Concrete
539,Linoleum,Grass,Concrete
540,Linoleum,Grass,Linoleum
541,Linoleum,Grass,Concrete
542,Linoleum,Grass,Concrete
543,Linoleum,Grass,Concrete
544,Linoleum,Grass,Concrete
545,Linoleum,Grass,Concrete
546,Linoleum,Grass,Linoleum
547,Linoleum,Grass,Linoleum
548,Linoleum,Grass,Concrete
549,Linoleum,Grass,Carpet
550,Linoleum,Grass,Linoleum
551,Linoleum,Grass,Concrete
552,Linoleum,Grass,Linoleum
553,Linoleum,Grass,Linoleum
554,Linoleum,Grass,Concrete
555,Linoleum,Grass,Concrete
556,Linoleum,Grass,Concrete
557,Linoleum,Grass,Grass
558,Linoleum,Grass,Concrete
559,Linoleum,Grass,Concrete
560,Grass,Grass,Concrete
561,Linoleum,Grass,Concrete
562,Grass,Grass,Linoleum
563,Grass,Grass,Concrete
564,Grass,Grass,Concrete
565,Grass,Grass,Concrete
566,Grass,Grass,Carpet
567,Linoleum,Grass,Linoleum
568,Linoleum,Grass,Linoleum
569,Linoleum,Grass,Linoleum
570,Linoleum,Grass,Carpet
571,Linoleum,Grass,Concrete
572,Grass,Grass,Concrete
573,Grass,Grass,Concrete
574,Grass,Grass,Linoleum
575,Grass,Grass,Linoleum
576,Grass,Grass,Linoleum
577,Grass,Grass,Linoleum
578,Grass,Grass,Linoleum
579,Grass,Grass,Concrete
580,Grass,Grass,Grass
581,Grass,Grass,Carpet
582,Grass,Grass,Concrete
583,Grass,Grass,Concrete
584,Grass,Grass,Concrete
585,Grass,Grass,Concrete
586,Grass,Grass,Concrete
587,Grass,Grass,Concrete
588,Grass,Grass,Carpet
589,Grass,Grass,Concrete
590,Grass,Grass,Concrete
591,Grass,Grass,Concrete
592,Grass,Grass,Concrete
593,Linoleum,Grass,Concrete
594,Linoleum,Grass,Concrete
595,Linoleum,Grass,Concrete
596,Linoleum,Grass,Concrete
597,Grass,Grass,Concrete
598,Grass,Grass,Linoleum
599,Grass,Grass,Linoleum
600,Grass,Grass,Concrete
601,Linoleum,Grass,Linoleum
602,Linoleum,Grass,Linoleum
603,Linoleum,Grass,Linoleum
604,Linoleum,Grass,Linoleum
605,Linoleum,Grass,Concrete
606,Linoleum,Grass,Concrete
607,Linoleum,Grass,Linoleum
608,Linoleum,Grass,Concrete
609,Linoleum,Grass,Concrete
610,Linoleum,Grass,Concrete
611,Linoleum,Grass,Concrete
612,Linoleum,Grass,Linoleum
613,Linoleum,Grass,Linoleum
614,Linoleum,Grass,Carpet
615,Grass,Grass,Carpet
616,Grass,Grass,Carpet
617,Grass,Grass,Concrete
618,Grass,Grass,Concrete
619,Grass,Grass,Concrete
620,Linoleum,Grass,Concrete
621,Linoleum,Grass,Concrete
622,Grass,Grass,Concrete
623,Grass,Grass,Concrete
624,Grass,Grass,Linoleum
625,Grass,Grass,Linoleum
626,Grass,Grass,Linoleum
627,Grass,Grass,Carpet
628,Grass,Grass,Concrete
629,Grass,Grass,Linoleum
630,Grass,Grass,Linoleum
631,Grass,Grass,Linoleum
632,Linoleum,Grass,Linoleum
633,Linoleum,Grass,Concrete
634,Linoleum,Grass,Concrete
635,Linoleum,Grass,Concrete
636,Linoleum,Grass,Concrete
637,Grass,Grass,Linoleum
638,Grass,Grass,Concrete
639,Grass,Grass,Concrete
640,Grass,Grass,Linoleum
641,Grass,Grass,Concrete
642,Grass,Grass,Concrete
643,Linoleum,Grass,Concrete
644,Grass,Grass,Concrete
645,Grass,Grass,Linoleum
646,Grass,Grass,Concrete
647,Grass,Grass,Concrete
648,Grass,Grass,Concrete
649,Grass,Grass,Concrete
650,Grass,Grass,Carpet
651,Grass,Grass,Concrete
652,Linoleum,Grass,Concrete
653,Linoleum,Grass,Concrete
654,Linoleum,Grass,Concrete
655,Linoleum,Grass,Carpet
656,Linoleum,Grass,Linoleum
657,Linoleum,Grass,Concrete
658,Linoleum,Grass,Linoleum
659,Linoleum,Grass,Linoleum
660,Linoleum,Grass,Linoleum
661,Linoleum,Grass,Concrete
662,Linoleum,Grass,Linoleum
663,Linoleum,Grass,Linoleum
664,Linoleum,Grass,Linoleum
665,Linoleum,Grass,Concrete
666,Linoleum,Grass,Linoleum
667,Linoleum,Grass,Concrete
668,Linoleum,Grass,Concrete
669,Linoleum,Grass,Linoleum
670,Linoleum,Grass,Linoleum
671,Linoleum,Grass,Linoleum
672,Linoleum,Grass,Linoleum
673,Linoleum,Grass,Grass
674,Linoleum,Grass,Linoleum
675,Linoleum,Grass,Concrete
676,Grass,Grass,Carpet
677,Grass,Grass,Carpet
678,Grass,Grass,Carpet
679,Linoleum,Grass,Carpet
680,Grass,Grass,Linoleum
681,Linoleum,Grass,Carpet
682,Linoleum,Grass,Linoleum
683,Grass,Grass,Concrete
684,Grass,Grass,Concrete
685,Grass,Grass,Concrete
686,Grass,Grass,Linoleum
687,Grass,Grass,Linoleum
688,Linoleum,Grass,Concrete
689,Linoleum,Grass,Concrete
690,Grass,Grass,Concrete
691,Grass,Grass,Carpet
692,Linoleum,Grass,Concrete
693,Linoleum,Grass,Concrete
694,Grass,Grass,Concrete
695,Grass,Grass,Concrete
696,Grass,Grass,Concrete
697,Grass,Grass,Linoleum
698,Grass,Grass,Linoleum
699,Grass,Grass,Grass
700,Grass,Grass,Concrete
701,Grass,Grass,Concrete
702,Grass,Grass,Concrete
703,Grass,Grass,Concrete
704,Grass,Grass,Concrete
705,Grass,Grass,Sidewalk
706,Grass,Grass,Carpet
707,Grass,Grass,Linoleum
708,Grass,Grass,Concrete
709,Grass,Grass,Linoleum
710,Grass,Grass,Concrete
711,Grass,Grass,Concrete
712,Linoleum,Grass,Concrete
713,Linoleum,Grass,Linoleum
714,Linoleum,Grass,Carpet
715,Linoleum,Grass,Concrete
716,Linoleum,Grass,Linoleum
717,Linoleum,Grass,Linoleum
718,Linoleum,Grass,Concrete
719,Linoleum,Grass,Linoleum
720,Linoleum,Grass,Linoleum
721,Linoleum,Grass,Concrete
722,Linoleum,Grass,Linoleum
723,Linoleum,Grass,Linoleum
724,Linoleum,Grass,Linoleum
725,Linoleum,Grass,Linoleum
726,Linoleum,Grass,Concrete
727,Linoleum,Grass,Linoleum
728,Linoleum,Grass,Concrete
729,Linoleum,Grass,Linoleum
730,Linoleum,Grass,Concrete
731,Linoleum,Grass,Linoleum
732,Grass,Grass,Concrete
733,Grass,Grass,Linoleum
734,Grass,Grass,Carpet
735,Grass,Grass,Carpet
736,Grass,Grass,Concrete
737,Grass,Grass,Carpet
738,Grass,Grass,Carpet
739,Grass,Grass,Linoleum
740,Grass,Grass,Linoleum
741,Grass,Grass,Carpet
742,Linoleum,Grass,Concrete
743,Linoleum,Grass,Carpet
744,Linoleum,Grass,Carpet
745,Linoleum,Grass,Concrete
746,Grass,Grass,Carpet
747,Linoleum,Grass,Concrete
748,Linoleum,Grass,Concrete
749,Carpet,Grass,Concrete
750,Carpet,Grass,Concrete
751,Carpet,Grass,Linoleum
752,Carpet,Grass,Linoleum
753,Carpet,Grass,Concrete
754,Carpet,Grass,Concrete
755,Linoleum,Grass,Concrete
756,Carpet,Grass,Concrete
757,Grass,Grass,Concrete
758,Grass,Grass,Concrete
759,Grass,Grass,Concrete
760,Grass,Grass,Concrete
761,Grass,Grass,Concrete
762,Grass,Grass,Concrete
763,Concrete,Grass,Concrete
764,Grass,Grass,Concrete
765,Grass,Grass,Carpet
766,Grass,Grass,Linoleum
767,Grass,Grass,Linoleum
768,Grass,Grass,Linoleum
769,Grass,Grass,Linoleum
770,Linoleum,Grass,Linoleum
771,Linoleum,Grass,Linoleum
772,Linoleum,Grass,Linoleum
773,Linoleum,Grass,Concrete
774,Linoleum,Grass,Linoleum
775,Linoleum,Grass,Concrete
776,Linoleum,Grass,Concrete
777,Grass,Grass,Concrete
778,Linoleum,Grass,Linoleum
779,Linoleum,Grass,Concrete
780,Linoleum,Grass,Concrete
781,Linoleum,Grass,Concrete
782,Linoleum,Grass,Grass
783,Linoleum,Grass,Linoleum
784,Linoleum,Grass,Linoleum
785,Linoleum,Grass,Linoleum
786,Linoleum,Grass,Linoleum
787,Linoleum,Grass,Linoleum
788,Linoleum,Grass,Linoleum
789,Linoleum,Grass,Linoleum
790,Linoleum,Grass,Concrete
791,Linoleum,Grass,Concrete
792,Grass,Grass,Grass
793,Linoleum,Grass,Grass
794,Grass,Grass,Carpet
795,Grass,Grass,Concrete
796,Grass,Grass,Concrete
797,Grass,Grass,Concrete
798,Grass,Grass,Carpet
799,Grass,Grass,Concrete
800,Grass,Grass,Concrete
801,Grass,Grass,Concrete
802,Grass,Grass,Carpet
803,Grass,Grass,Linoleum
804,Grass,Grass,Concrete
805,Grass,Grass,Concrete
806,Grass,Grass,Carpet
807,Linoleum,Grass,Carpet
808,Linoleum,Grass,Concrete
809,Linoleum,Grass,Linoleum
810,Linoleum,Grass,Concrete
811,Linoleum,Grass,Carpet
812,Grass,Grass,Concrete
813,Grass,Grass,Carpet
814,Grass,Grass,Concrete
815,Grass,Grass,Concrete
816,Grass,Grass,Concrete
817,Grass,Grass,Linoleum
818,Grass,Grass,Carpet
819,Grass,Grass,Concrete
820,Grass,Grass,Concrete
821,Grass,Grass,Concrete
822,Grass,Grass,Concrete
823,Grass,Grass,Concrete
824,Grass,Grass,Concrete
825,Linoleum,Grass,Concrete
826,Linoleum,Grass,Linoleum
827,Linoleum,Grass,Concrete
828,Grass,Grass,Concrete
829,Grass,Grass,Concrete
830,Grass,Grass,Concrete
831,Grass,Grass,Concrete
832,Grass,Grass,Linoleum
833,Linoleum,Grass,Linoleum
834,Linoleum,Grass,Linoleum
835,Linoleum,Grass,Linoleum
836,Linoleum,Grass,Linoleum
837,Linoleum,Grass,Concrete
838,Linoleum,Grass,Linoleum
839,Linoleum,Grass,Carpet
840,Linoleum,Grass,Linoleum
841,Linoleum,Grass,Linoleum
842,Linoleum,Grass,Concrete
843,Linoleum,Grass,Linoleum
844,Linoleum,Grass,Carpet
845,Linoleum,Grass,Linoleum
846,Linoleum,Grass,Linoleum
847,Linoleum,Grass,Concrete
848,Linoleum,Grass,Linoleum
849,Linoleum,Grass,Concrete
850,Linoleum,Grass,Linoleum
851,Linoleum,Grass,Linoleum
852,Linoleum,Grass,Grass
853,Grass,Grass,Linoleum
854,Grass,Grass,Grass
855,Grass,Grass,Concrete
856,Linoleum,Grass,Concrete
857,Grass,Grass,Linoleum
858,Linoleum,Grass,Concrete
859,Linoleum,Grass,Concrete
860,Grass,Grass,Concrete
861,Grass,Grass,Concrete
862,Grass,Grass,Concrete
863,Grass,Grass,Linoleum
864,Grass,Grass,Concrete
865,Grass,Grass,Concrete
866,Grass,Grass,Concrete
867,Grass,Grass,Concrete
868,Grass,Grass,Concrete
869,Grass,Grass,Linoleum
870,Grass,Grass,Linoleum
871,Grass,Grass,Concrete
872,Grass,Grass,Linoleum
873,Grass,Grass,Linoleum
874,Linoleum,Grass,Concrete
875,Grass,Grass,Concrete
876,Grass,Grass,Concrete
877,Linoleum,Grass,Grass
878,Linoleum,Grass,Linoleum
879,Grass,Grass,Linoleum
880,Grass,Grass,Concrete
881,Grass,Grass,Concrete
882,Grass,Grass,Concrete
883,Grass,Grass,Linoleum
884,Grass,Grass,Linoleum
885,Grass,Grass,Concrete
886,Grass,Grass,Linoleum
887,Grass,Grass,Linoleum
888,Grass,Grass,Linoleum
889,Grass,Grass,Linoleum
890,Grass,Grass,Linoleum
891,Linoleum,Grass,Concrete
892,Grass,Grass,Concrete
893,Grass,Grass,Carpet
894,Grass,Grass,Carpet
895,Grass,Grass,Sidewalk
896,Grass,Grass,Carpet
897,Grass,Grass,Concrete
898,Grass,Grass,Linoleum
899,Grass,Grass,Concrete
900,Grass,Grass,Linoleum
901,Grass,Grass,Carpet
902,Grass,Grass,Carpet
903,Linoleum,Grass,Carpet
904,Grass,Grass,Carpet
905,Grass,Grass,Carpet
906,Grass,Grass,Carpet
907,Linoleum,Grass,Linoleum
908,Linoleum,Grass,Linoleum
909,Linoleum,Grass,Carpet
910,Concrete,Grass,Concrete
911,Linoleum,Grass,Linoleum
912,Linoleum,Grass,Carpet
913,Linoleum,Grass,Concrete
914,Grass,Grass,Linoleum
915,Grass,Grass,Carpet
916,Grass,Grass,Concrete
917,Grass,Grass,Linoleum
918,Grass,Grass,Concrete
919,Grass,Grass,Concrete
920,Grass,Grass,Concrete
921,Grass,Grass,Concrete
922,Grass,Grass,Concrete
923,Grass,Grass,Linoleum
924,Linoleum,Grass,Concrete
925,Concrete,Grass,Linoleum
926,Concrete,Grass,Concrete
927,Concrete,Grass,Concrete
928,Grass,Grass,Linoleum
929,Grass,Grass,Concrete
930,Grass,Grass,Concrete
931,Grass,Grass,Concrete
932,Grass,Grass,Linoleum
933,Grass,Grass,Linoleum
934,Grass,Grass,Concrete
935,Grass,Grass,Linoleum
936,Grass,Grass,Linoleum
937,Grass,Grass,Linoleum
938,Grass,Grass,Linoleum
939,Grass,Grass,Concrete
940,Grass,Grass,Linoleum
941,Grass,Grass,Concrete
942,Grass,Grass,Carpet
943,Linoleum,Grass,Carpet
944,Linoleum,Grass,Linoleum
945,Linoleum,Grass,Linoleum
946,Linoleum,Grass,Linoleum
947,Linoleum,Grass,Linoleum
948,Linoleum,Grass,Linoleum
949,Linoleum,Grass,Linoleum
950,Linoleum,Grass,Linoleum
951,Linoleum,Grass,Linoleum
952,Linoleum,Grass,Concrete
953,Linoleum,Grass,Linoleum
954,Linoleum,Grass,Concrete
955,Linoleum,Grass,Grass
956,Linoleum,Grass,Linoleum
957,Linoleum,Grass,Linoleum
958,Linoleum,Grass,Linoleum
959,Linoleum,Grass,Grass
960,Linoleum,Grass,Concrete
961,Linoleum,Grass,Concrete
962,Grass,Grass,Concrete
963,Grass,Grass,Linoleum
964,Grass,Grass,Concrete
965,Linoleum,Grass,Concrete
966,Grass,Grass,Linoleum
967,Grass,Grass,Linoleum
968,Linoleum,Grass,Concrete
969,Grass,Grass,Linoleum
970,Grass,Grass,Linoleum
971,Grass,Grass,Concrete
972,Grass,Grass,Linoleum
973,Grass,Grass,Linoleum
974,Grass,Grass,Concrete
975,Grass,Grass,Linoleum
976,Linoleum,Grass,Concrete
977,Linoleum,Grass,Linoleum
978,Linoleum,Grass,Concrete
979,Linoleum,Grass,Concrete
980,Grass,Grass,Concrete
981,Grass,Grass,Linoleum
982,Grass,Grass,Concrete
983,Linoleum,Grass,Concrete
984,Linoleum,Grass,Concrete
985,Linoleum,Grass,Linoleum
986,Linoleum,Grass,Linoleum
987,Linoleum,Grass,Linoleum
988,Linoleum,Linoleum,Carpet
989,Linoleum,Linoleum,Carpet
990,Linoleum,Linoleum,Concrete
991,Linoleum,Linoleum,Concrete
992,Linoleum,Linoleum,Concrete
993,Linoleum,Linoleum,Linoleum
994,Grass,Grass,Linoleum
995,Gravel,Grass,Grass
996,Grass,Grass,Grass
997,Grass,Grass,Grass
998,Linoleum,Asphalt,Grass
999,Linoleum,Asphalt,Grass
1000,Linoleum,Asphalt,Grass
1001,Gravel,Asphalt,Asphalt
1002,Gravel,Asphalt,Grass
1003,Sidewalk,Asphalt,Grass
1004,Linoleum,Asphalt,Grass
1005,Sidewalk,Asphalt,Grass
1006,Gravel,Sidewalk,Grass
1007,Sidewalk,Asphalt,Grass
1008,Sidewalk,Asphalt,Grass
